{"X": [1087.2334169025748, 1044.9362406077148, 967.0511819588241, 314.44027661034477, 590.4248948697432], "Y": [-57.16536812999969, 72.34399023381683, 392.8268256862205, 1219.6787188474082, 1413.279887409523]}